Order Date,Product,Region,Quantity,Sales
2023-01-01,Headphones,North,3,253.43
2023-01-01,Smartwatch,East,2,279.36
2023-01-01,Tablet,East,5,1530.33
2023-01-02,Smartwatch,South,4,652.63
2023-01-02,Phone,West,4,1873.36
2023-01-02,Headphones,South,5,394.56
2023-01-03,Tablet,East,2,545.6
2023-01-04,Tablet,West,4,1222.18
2023-01-04,Tablet,North,3,932.46
2023-01-04,Laptop,East,2,1743.64
2023-01-05,Phone,South,1,451.6
2023-01-05,Phone,West,4,1976.06
2023-01-06,Headphones,North,3,259.65
2023-01-06,Headphones,South,4,307.95
2023-01-06,Phone,West,5,2734.79
2023-01-07,Headphones,South,2,172.63
2023-01-07,Headphones,North,5,391.09
2023-01-08,Smartwatch,West,2,327.92
2023-01-08,Headphones,West,5,371.27
2023-01-09,Smartwatch,North,1,164.61
2023-01-09,Laptop,West,3,2255.44
2023-01-09,Tablet,East,1,306.36
2023-01-10,Phone,North,4,2145.24
2023-01-10,Headphones,South,1,73.02
2023-01-11,Smartwatch,East,4,616.51
2023-01-11,Tablet,East,1,292.98
2023-01-11,Tablet,North,5,1518.38
2023-01-12,Tablet,North,2,543.05
2023-01-12,Smartwatch,East,1,144.43
2023-01-12,Headphones,South,5,379.94
2023-01-13,Tablet,North,4,1306.28
2023-01-14,Tablet,East,4,1303.13
2023-01-14,Smartwatch,South,1,138.16
2023-01-14,Headphones,West,4,299.94
2023-01-15,Tablet,West,2,554.65
2023-01-15,Laptop,East,1,763.54
2023-01-16,Laptop,West,5,4288.58
2023-01-16,Tablet,North,5,1557.73
2023-01-16,Phone,West,3,1446.96
2023-01-17,Headphones,North,1,76.06
2023-01-18,Phone,East,1,464.81
2023-01-18,Laptop,East,1,876.26
2023-01-19,Smartwatch,West,1,154.03
2023-01-19,Phone,North,4,1979.11
2023-01-20,Headphones,East,3,233.74
2023-01-20,Laptop,East,5,4105.84
2023-01-21,Tablet,East,1,279.04
2023-01-21,Tablet,South,5,1607.51
2023-01-22,Headphones,East,2,160.39
2023-01-22,Tablet,West,4,1305.73
2023-01-22,Phone,West,1,517.57
2023-01-23,Laptop,South,2,1522.54
2023-01-24,Laptop,West,4,3046.93
2023-01-24,Laptop,West,4,3237.31
2023-01-25,Laptop,North,3,2496.17
2023-01-25,Tablet,West,1,308.52
2023-01-25,Tablet,North,4,1295.65
2023-01-26,Tablet,West,1,309.81
2023-01-26,Smartwatch,South,2,299.14
2023-01-27,Smartwatch,North,4,625.46
2023-01-27,Laptop,South,5,3743.06
2023-01-27,Tablet,North,1,302.55
2023-01-28,Tablet,South,5,1496.02
2023-01-28,Tablet,East,2,582.01
2023-01-28,Laptop,West,1,751.24
2023-01-29,Tablet,West,3,948.34
2023-01-30,Headphones,West,5,382.36
2023-01-31,Tablet,West,1,327.18
2023-01-31,Smartwatch,North,5,760.84
2023-02-01,Headphones,East,5,390.81
2023-02-02,Laptop,West,3,2241.36
2023-02-02,Laptop,South,2,1737.61
2023-02-02,Phone,West,2,950.83
2023-02-03,Phone,South,1,534.87
2023-02-03,Laptop,East,5,3837.21
2023-02-04,Tablet,South,1,306.69
2023-02-04,Headphones,South,1,82.05
2023-02-05,Headphones,East,4,325.05
2023-02-06,Tablet,North,2,605.12
2023-02-06,Smartwatch,South,2,321.62
2023-02-06,Laptop,West,2,1703.23
2023-02-07,Tablet,West,5,1506.67
2023-02-07,Smartwatch,West,4,655.83
2023-02-08,Headphones,South,5,375.55
2023-02-08,Tablet,East,4,1111.86
2023-02-08,Phone,West,2,964.59
2023-02-09,Tablet,West,2,549.41
2023-02-10,Phone,North,1,518.85
2023-02-11,Phone,South,1,494.24
2023-02-12,Laptop,West,5,3823.95
2023-02-12,Smartwatch,East,5,766.76
2023-02-13,Tablet,West,2,582.72
2023-02-13,Smartwatch,South,1,145.26
2023-02-13,Headphones,North,1,76.98
2023-02-14,Headphones,North,4,289.1
2023-02-14,Phone,West,5,2486.74
2023-02-15,Smartwatch,East,2,306.95
2023-02-16,Headphones,South,4,311.98
2023-02-17,Tablet,South,1,302.36
2023-02-17,Smartwatch,West,2,271.59
2023-02-18,Headphones,West,4,312.84
2023-02-18,Headphones,North,1,84.98
2023-02-18,Tablet,North,4,1172.66
2023-02-19,Phone,East,4,1909.58
2023-02-20,Phone,North,3,1535.48
2023-02-20,Laptop,South,5,4275.9
2023-02-20,Phone,South,2,952.14
2023-02-21,Headphones,South,5,387.87
2023-02-21,Tablet,North,4,1180.31
2023-02-21,Smartwatch,North,4,561.29
2023-02-22,Tablet,North,3,884.27
2023-02-23,Laptop,East,5,3790.88
2023-02-23,Smartwatch,East,1,142.15
2023-02-24,Laptop,North,4,3408.93
2023-02-24,Smartwatch,East,3,440.03
2023-02-25,Laptop,East,4,3107.14
2023-02-26,Headphones,East,2,164.22
2023-02-26,Smartwatch,North,3,459.22
2023-02-27,Smartwatch,West,5,793.74
2023-02-27,Laptop,East,5,4344.74
2023-02-27,Phone,East,2,988.31
2023-02-28,Smartwatch,East,3,415.54
2023-02-28,Headphones,North,2,170.78
2023-02-28,Laptop,North,5,3778.06
2023-03-01,Phone,East,2,929.32
2023-03-02,Smartwatch,South,3,457.32
2023-03-03,Laptop,South,4,3031.48
2023-03-04,Laptop,North,4,3104.14
2023-03-04,Headphones,East,3,253.3
2023-03-04,Tablet,South,2,579.63
2023-03-05,Tablet,North,5,1471.56
2023-03-05,Phone,West,4,2106.88
2023-03-06,Laptop,East,1,828.97
2023-03-06,Headphones,South,1,78.0
2023-03-06,Laptop,North,1,755.78
2023-03-07,Phone,West,5,2734.94
2023-03-07,Smartwatch,East,5,681.51
2023-03-08,Tablet,West,5,1425.9
2023-03-09,Headphones,North,2,149.32
2023-03-09,Laptop,South,1,820.41
2023-03-09,Tablet,West,1,324.92
2023-03-10,Headphones,West,4,309.48
2023-03-10,Phone,West,4,1985.48
2023-03-11,Headphones,South,4,292.98
2023-03-11,Laptop,West,3,2495.12
2023-03-12,Laptop,North,5,4251.04
2023-03-13,Smartwatch,South,3,479.03
2023-03-14,Tablet,West,5,1534.02
2023-03-14,Phone,South,2,1010.32
2023-03-15,Laptop,South,1,796.86
2023-03-16,Laptop,East,5,4199.66
2023-03-16,Laptop,South,3,2564.22
2023-03-16,Smartwatch,North,2,272.21
2023-03-17,Laptop,North,4,3400.26
2023-03-17,Smartwatch,South,3,454.99
2023-03-17,Smartwatch,North,5,788.56
2023-03-18,Laptop,North,1,740.67
2023-03-18,Tablet,North,5,1412.17
2023-03-18,Laptop,North,2,1554.61
2023-03-19,Phone,South,2,995.24
2023-03-19,Tablet,East,2,642.26
2023-03-19,Headphones,North,3,235.37
2023-03-20,Smartwatch,North,2,318.3
2023-03-20,Headphones,South,2,162.88
2023-03-20,Tablet,East,2,581.79
2023-03-21,Laptop,West,4,3070.69
2023-03-21,Phone,East,1,544.95
2023-03-22,Laptop,South,1,761.32
2023-03-22,Smartwatch,South,5,727.11
2023-03-23,Tablet,East,3,823.66
2023-03-23,Laptop,East,3,2226.64
2023-03-24,Tablet,West,3,902.74
2023-03-25,Smartwatch,South,3,408.68
2023-03-25,Smartwatch,South,4,581.71
2023-03-26,Smartwatch,South,1,151.03
2023-03-26,Headphones,South,2,148.12
2023-03-27,Smartwatch,East,1,137.77
2023-03-27,Laptop,South,3,2602.02
2023-03-28,Laptop,South,4,3395.97
2023-03-29,Tablet,North,4,1130.24
2023-03-30,Phone,West,2,1049.49
2023-03-30,Tablet,West,3,938.4
2023-03-30,Tablet,East,4,1105.72
2023-03-31,Tablet,East,1,314.24
2023-03-31,Headphones,South,1,85.45
2023-04-01,Phone,South,4,1893.29
2023-04-01,Smartwatch,West,1,155.37
2023-04-02,Laptop,North,2,1467.81
2023-04-02,Phone,East,1,506.45
2023-04-02,Phone,North,5,2431.54
2023-04-03,Phone,East,3,1645.95
2023-04-03,Smartwatch,North,1,135.23
2023-04-04,Headphones,South,3,220.22
2023-04-05,Laptop,East,3,2411.77
2023-04-05,Smartwatch,West,2,304.56
2023-04-06,Headphones,East,1,79.85
2023-04-06,Tablet,South,1,313.11
2023-04-06,Tablet,West,2,573.6
2023-04-07,Phone,South,4,1970.17
2023-04-08,Headphones,North,4,295.35
2023-04-09,Smartwatch,South,3,488.88
2023-04-09,Smartwatch,East,3,409.66
2023-04-10,Phone,North,2,1097.99
2023-04-10,Smartwatch,West,2,275.27
2023-04-11,Smartwatch,North,1,138.5
2023-04-11,Tablet,South,1,321.04
2023-04-11,Headphones,West,2,147.98
2023-04-12,Laptop,South,4,3122.71
2023-04-12,Laptop,West,4,3418.77
2023-04-12,Tablet,North,5,1410.49
2023-04-13,Tablet,North,5,1594.37
2023-04-13,Tablet,South,2,648.94
2023-04-14,Smartwatch,South,1,155.49
2023-04-15,Tablet,North,1,314.86
2023-04-15,Laptop,North,1,863.93
2023-04-15,Phone,South,5,2703.24
2023-04-16,Tablet,South,3,922.99
2023-04-16,Phone,West,4,2117.61
2023-04-16,Smartwatch,North,4,628.98
2023-04-17,Headphones,North,1,76.99
2023-04-17,Smartwatch,East,1,136.01
2023-04-17,Phone,South,5,2688.38
2023-04-18,Smartwatch,East,4,594.84
2023-04-19,Smartwatch,West,5,747.95
2023-04-19,Headphones,West,5,417.6
2023-04-19,Tablet,East,4,1210.25
2023-04-20,Tablet,North,4,1123.58
2023-04-20,Phone,West,2,1089.46
2023-04-20,Headphones,South,5,371.13
2023-04-21,Laptop,North,4,3259.5
2023-04-21,Headphones,West,4,338.57
2023-04-22,Phone,North,4,1949.77
2023-04-23,Tablet,North,1,325.53
2023-04-24,Laptop,South,5,4387.87
2023-04-24,Headphones,South,1,77.31
2023-04-24,Tablet,West,5,1463.79
2023-04-25,Laptop,South,4,3384.19
2023-04-26,Laptop,East,4,3223.93
2023-04-26,Tablet,South,2,595.88
2023-04-27,Phone,East,1,508.71
2023-04-27,Tablet,West,3,835.35
2023-04-27,Laptop,East,4,3148.11
2023-04-28,Laptop,North,3,2463.49
2023-04-29,Smartwatch,North,1,163.83
2023-04-29,Laptop,West,4,3222.44
2023-04-30,Laptop,West,5,3917.85
2023-05-01,Tablet,West,3,872.89
2023-05-01,Smartwatch,North,5,731.66
2023-05-01,Tablet,South,1,316.53
2023-05-02,Phone,South,4,1992.44
2023-05-02,Tablet,East,4,1123.66
2023-05-02,Smartwatch,East,3,438.6
2023-05-03,Tablet,South,2,589.05
2023-05-03,Headphones,West,2,171.74
2023-05-04,Laptop,East,3,2270.92
2023-05-05,Smartwatch,West,1,159.0
2023-05-05,Tablet,East,1,303.4
2023-05-05,Phone,East,3,1638.79
2023-05-06,Smartwatch,South,2,270.78
2023-05-07,Laptop,East,5,3621.23
2023-05-07,Smartwatch,East,4,617.15
2023-05-07,Phone,South,1,531.74
2023-05-08,Phone,East,2,972.61
2023-05-08,Headphones,West,5,387.62
2023-05-08,Laptop,South,5,3835.57
2023-05-09,Headphones,West,1,85.9
2023-05-09,Tablet,South,1,299.09
2023-05-10,Laptop,West,2,1642.71
2023-05-11,Laptop,South,3,2362.42
2023-05-11,Phone,South,5,2335.84
2023-05-11,Smartwatch,East,2,301.78
2023-05-12,Headphones,North,2,161.73
2023-05-12,Laptop,South,2,1670.46
2023-05-13,Phone,South,5,2381.84
2023-05-14,Tablet,West,2,612.06
2023-05-14,Laptop,North,2,1732.61
2023-05-14,Phone,North,4,2108.36
2023-05-15,Phone,West,3,1405.31
2023-05-15,Smartwatch,West,3,427.08
2023-05-16,Tablet,West,3,874.02
2023-05-17,Tablet,East,3,980.88
2023-05-18,Smartwatch,West,1,143.1
2023-05-18,Headphones,East,3,256.39
2023-05-18,Laptop,South,3,2446.48
2023-05-19,Laptop,South,2,1474.11
2023-05-19,Laptop,West,1,786.05
2023-05-20,Tablet,West,2,595.16
2023-05-21,Tablet,South,5,1350.7
2023-05-21,Tablet,South,2,552.37
2023-05-21,Smartwatch,West,3,487.56
2023-05-22,Laptop,South,1,791.36
2023-05-23,Headphones,South,3,251.15
2023-05-23,Smartwatch,North,5,778.84
2023-05-23,Laptop,South,1,823.47
2023-05-24,Phone,North,5,2584.96
2023-05-24,Phone,West,1,468.06
2023-05-24,Smartwatch,South,2,288.77
2023-05-25,Smartwatch,East,1,140.78
2023-05-25,Phone,East,5,2487.11
2023-05-25,Headphones,East,3,231.32
2023-05-26,Laptop,South,3,2429.13
2023-05-26,Smartwatch,South,3,467.67
2023-05-27,Headphones,East,1,80.61
2023-05-27,Laptop,North,2,1606.45
2023-05-28,Phone,West,2,904.88
2023-05-29,Phone,South,3,1612.41
2023-05-29,Smartwatch,South,3,411.3
2023-05-30,Headphones,North,1,78.43
2023-05-30,Smartwatch,West,1,152.42
2023-05-31,Laptop,South,1,773.82
2023-05-31,Headphones,North,1,75.82
2023-05-31,Tablet,North,2,575.56
2023-06-01,Smartwatch,North,1,162.31
2023-06-01,Laptop,East,1,782.66
2023-06-02,Phone,North,5,2379.49
2023-06-02,Headphones,South,3,259.38
2023-06-02,Phone,North,4,1825.99
2023-06-03,Smartwatch,East,5,693.05
2023-06-04,Phone,North,2,907.35
2023-06-04,Phone,East,5,2278.92
2023-06-04,Laptop,North,3,2446.69
2023-06-05,Smartwatch,East,2,300.91
2023-06-06,Laptop,West,3,2551.6
2023-06-06,Smartwatch,West,5,755.55
2023-06-07,Headphones,South,5,367.32
2023-06-08,Tablet,East,4,1194.4
2023-06-09,Laptop,South,4,2902.67
2023-06-09,Laptop,North,3,2201.75
2023-06-09,Headphones,East,3,250.72
2023-06-10,Phone,South,5,2360.09
2023-06-10,Smartwatch,West,5,823.72
2023-06-11,Smartwatch,West,5,810.98
2023-06-11,Tablet,West,2,605.25
2023-06-12,Smartwatch,North,3,483.13
2023-06-13,Tablet,East,1,290.04
2023-06-14,Laptop,North,2,1473.87
2023-06-15,Headphones,East,5,430.47
2023-06-15,Phone,North,3,1613.72
2023-06-15,Phone,South,3,1418.59
2023-06-16,Phone,West,2,1066.43
2023-06-16,Smartwatch,West,2,287.22
2023-06-16,Tablet,North,1,307.91
2023-06-17,Phone,West,5,2639.92
2023-06-17,Tablet,South,2,591.87
2023-06-17,Phone,East,4,2053.05
2023-06-18,Smartwatch,North,4,560.85
2023-06-18,Headphones,South,4,307.26
2023-06-19,Headphones,South,1,81.31
2023-06-20,Phone,West,3,1605.72
2023-06-21,Smartwatch,West,4,617.71
2023-06-21,Headphones,North,4,289.57
2023-06-22,Laptop,South,3,2281.2
2023-06-22,Phone,South,2,1099.42
2023-06-22,Laptop,East,5,4283.37
2023-06-23,Smartwatch,North,3,424.87
2023-06-23,Phone,East,4,2061.8
2023-06-23,Tablet,East,1,327.79
2023-06-24,Smartwatch,East,5,770.78
2023-06-25,Tablet,North,5,1645.19
2023-06-25,Laptop,South,4,3343.63
2023-06-26,Smartwatch,East,1,154.55
2023-06-26,Headphones,South,4,318.29
2023-06-27,Laptop,North,5,4221.28
2023-06-27,Tablet,South,2,631.32
2023-06-28,Smartwatch,West,4,543.9
2023-06-28,Headphones,South,3,224.9
2023-06-28,Laptop,South,1,817.17
2023-06-29,Laptop,West,5,3815.19
2023-06-30,Smartwatch,North,5,685.87
2023-06-30,Phone,South,3,1558.49
2023-06-30,Laptop,West,1,726.34
2023-07-01,Tablet,West,1,284.52
2023-07-01,Laptop,South,4,3329.58
2023-07-02,Phone,West,1,501.77
2023-07-02,Laptop,North,5,3666.01
2023-07-03,Headphones,South,2,175.28
2023-07-04,Phone,South,2,908.24
2023-07-04,Headphones,North,3,221.96
2023-07-05,Laptop,South,1,728.32
2023-07-05,Laptop,South,4,3437.42
2023-07-05,Phone,West,4,1935.78
2023-07-06,Tablet,West,4,1223.39
2023-07-06,Phone,East,3,1362.23
2023-07-06,Headphones,South,3,250.79
2023-07-07,Headphones,North,1,85.95
2023-07-07,Phone,East,4,2097.71
2023-07-07,Smartwatch,East,5,773.81
2023-07-08,Headphones,South,2,164.9
2023-07-08,Smartwatch,West,1,149.8
2023-07-08,Headphones,South,3,248.65
2023-07-09,Laptop,East,4,2991.48
2023-07-10,Phone,North,4,2051.51
2023-07-11,Headphones,West,2,171.75
2023-07-11,Laptop,West,2,1672.08
2023-07-12,Phone,West,2,1098.43
2023-07-12,Phone,South,5,2355.33
2023-07-13,Phone,West,5,2616.56
2023-07-14,Phone,West,4,2163.61
2023-07-14,Phone,West,2,936.2
2023-07-14,Smartwatch,South,5,740.57
2023-07-15,Headphones,North,1,82.6
2023-07-15,Laptop,East,1,875.11
2023-07-16,Tablet,North,5,1447.56
2023-07-16,Headphones,West,4,350.07
2023-07-17,Tablet,South,3,889.56
2023-07-17,Phone,North,2,1033.88
2023-07-17,Laptop,North,5,3798.97
2023-07-18,Headphones,North,1,74.67
2023-07-18,Headphones,West,1,81.69
2023-07-18,Smartwatch,West,5,792.27
2023-07-19,Headphones,East,5,362.74
2023-07-19,Phone,North,5,2718.3
2023-07-19,Smartwatch,North,3,445.7
2023-07-20,Tablet,North,1,300.43
2023-07-21,Headphones,South,4,351.14
2023-07-21,Tablet,East,2,578.78
2023-07-22,Laptop,East,3,2394.65
2023-07-23,Headphones,East,5,371.48
2023-07-23,Phone,South,4,2069.37
2023-07-24,Smartwatch,North,5,741.56
2023-07-24,Smartwatch,East,2,309.7
2023-07-25,Phone,East,2,903.5
2023-07-25,Phone,North,2,1073.78
2023-07-25,Laptop,West,3,2606.86
2023-07-26,Headphones,North,1,75.45
2023-07-26,Smartwatch,West,5,761.58
2023-07-27,Headphones,South,2,163.36
2023-07-27,Laptop,North,1,878.93
2023-07-28,Laptop,North,5,3830.95
2023-07-29,Headphones,South,5,421.22
2023-07-29,Headphones,South,3,254.78
2023-07-29,Phone,North,1,481.72
2023-07-30,Tablet,North,1,289.7
2023-07-31,Headphones,South,5,390.43
2023-08-01,Laptop,North,1,807.31
2023-08-02,Headphones,South,2,162.79
2023-08-02,Phone,South,1,487.98
2023-08-02,Phone,West,2,995.84
2023-08-03,Smartwatch,South,1,146.41
2023-08-04,Smartwatch,East,4,597.2
2023-08-04,Tablet,West,2,625.86
2023-08-05,Smartwatch,North,3,405.68
2023-08-05,Smartwatch,West,1,154.64
2023-08-05,Tablet,East,4,1304.26
2023-08-06,Tablet,South,5,1535.21
2023-08-06,Smartwatch,West,3,488.66
2023-08-07,Phone,West,2,979.98
2023-08-07,Smartwatch,West,2,277.31
2023-08-07,Tablet,East,4,1123.55
2023-08-08,Laptop,South,5,3805.25
2023-08-09,Laptop,West,5,4106.52
2023-08-09,Tablet,North,5,1615.26
2023-08-10,Phone,North,2,934.95
2023-08-11,Smartwatch,South,1,142.11
2023-08-12,Headphones,South,3,256.86
2023-08-13,Phone,North,2,1053.33
2023-08-13,Phone,North,2,930.6
2023-08-13,Laptop,East,4,3432.19
2023-08-14,Smartwatch,North,5,771.3
2023-08-14,Headphones,East,3,227.13
2023-08-14,Smartwatch,North,1,149.9
2023-08-15,Tablet,East,5,1552.75
2023-08-15,Phone,South,5,2608.8
2023-08-16,Tablet,East,4,1276.49
2023-08-17,Phone,West,5,2289.71
2023-08-17,Smartwatch,North,4,563.02
2023-08-18,Tablet,South,1,307.03
2023-08-19,Laptop,West,2,1654.27
2023-08-20,Smartwatch,West,2,310.81
2023-08-20,Headphones,North,2,154.66
2023-08-20,Phone,East,4,2064.74
2023-08-21,Tablet,South,4,1094.43
2023-08-22,Headphones,North,5,410.8
2023-08-22,Laptop,East,2,1470.94
2023-08-23,Headphones,North,4,350.8
2023-08-24,Smartwatch,East,4,656.9
2023-08-24,Smartwatch,West,4,569.24
2023-08-24,Smartwatch,West,2,317.27
2023-08-25,Smartwatch,West,4,633.84
2023-08-26,Smartwatch,South,4,576.38
2023-08-26,Phone,North,2,976.18
2023-08-27,Tablet,North,1,300.58
2023-08-27,Tablet,West,2,612.07
2023-08-28,Tablet,South,3,913.43
2023-08-28,Headphones,North,4,301.34
2023-08-28,Laptop,South,2,1640.94
2023-08-29,Phone,South,3,1587.01
2023-08-29,Headphones,South,1,77.16
2023-08-30,Phone,East,2,944.72
2023-08-30,Headphones,South,2,170.32
2023-08-30,Laptop,North,1,867.64
2023-08-31,Laptop,South,5,3854.03
2023-08-31,Tablet,North,1,309.98
2023-09-01,Smartwatch,South,4,556.22
2023-09-01,Headphones,North,4,337.71
2023-09-02,Headphones,South,5,368.45
2023-09-03,Smartwatch,East,2,309.01
2023-09-03,Tablet,East,3,911.6
2023-09-04,Phone,North,2,996.92
2023-09-04,Phone,North,1,493.03
2023-09-05,Tablet,North,1,316.96
2023-09-06,Tablet,East,4,1228.33
2023-09-06,Headphones,East,1,75.72
2023-09-07,Headphones,West,4,342.27
2023-09-08,Smartwatch,West,5,728.14
2023-09-08,Tablet,West,5,1466.12
2023-09-09,Phone,South,3,1475.57
2023-09-10,Smartwatch,South,2,281.38
2023-09-10,Smartwatch,North,5,676.82
2023-09-11,Smartwatch,North,5,795.23
2023-09-11,Smartwatch,West,4,584.57
2023-09-12,Headphones,East,5,427.55
2023-09-13,Smartwatch,South,4,643.76
2023-09-13,Headphones,South,3,234.04
2023-09-13,Headphones,North,2,169.12
2023-09-14,Laptop,North,1,825.39
2023-09-15,Laptop,South,4,2928.91
2023-09-16,Phone,South,2,950.61
2023-09-17,Headphones,East,2,156.36
2023-09-18,Laptop,East,1,730.66
2023-09-18,Smartwatch,East,5,785.62
2023-09-19,Smartwatch,West,5,680.7
2023-09-20,Tablet,North,5,1590.64
2023-09-20,Tablet,West,1,327.39
2023-09-20,Smartwatch,West,2,297.72
2023-09-21,Headphones,East,3,247.75
2023-09-21,Headphones,East,3,235.78
2023-09-21,Smartwatch,South,2,271.26
2023-09-22,Laptop,North,2,1653.55
2023-09-23,Laptop,West,4,3375.77
2023-09-23,Laptop,North,2,1593.04
2023-09-23,Phone,South,5,2312.62
2023-09-24,Phone,South,5,2541.21
2023-09-24,Headphones,South,3,218.1
2023-09-24,Laptop,West,2,1511.88
2023-09-25,Tablet,South,4,1173.28
2023-09-26,Headphones,South,4,295.78
2023-09-26,Tablet,South,1,308.75
2023-09-27,Phone,West,1,475.84
2023-09-27,Phone,North,5,2360.53
2023-09-27,Headphones,West,3,231.36
2023-09-28,Tablet,North,4,1090.36
2023-09-28,Phone,South,5,2592.65
2023-09-29,Phone,East,3,1395.2
2023-09-29,Headphones,North,3,252.39
2023-09-29,Laptop,West,3,2302.82
2023-09-30,Smartwatch,South,4,616.35
2023-09-30,Smartwatch,East,2,303.48
2023-09-30,Laptop,West,5,4305.16
2023-10-01,Phone,South,3,1443.28
2023-10-01,Smartwatch,West,3,421.92
2023-10-01,Laptop,West,5,4030.96
2023-10-02,Phone,South,2,907.06
2023-10-02,Laptop,South,1,873.29
2023-10-03,Headphones,East,3,256.41
2023-10-04,Tablet,North,2,584.2
2023-10-04,Smartwatch,West,4,633.65
2023-10-05,Tablet,South,5,1548.91
2023-10-05,Smartwatch,South,4,561.76
2023-10-06,Headphones,North,4,320.65
2023-10-07,Smartwatch,West,2,303.69
2023-10-07,Headphones,West,2,163.18
2023-10-07,Tablet,East,4,1278.01
2023-10-08,Tablet,South,5,1573.78
2023-10-09,Smartwatch,East,4,602.07
2023-10-09,Smartwatch,West,1,148.02
2023-10-10,Headphones,North,3,254.47
2023-10-10,Tablet,North,4,1151.87
2023-10-11,Laptop,South,4,3197.55
2023-10-12,Tablet,East,4,1172.12
2023-10-12,Laptop,South,5,3747.58
2023-10-12,Smartwatch,South,2,279.92
2023-10-13,Laptop,South,5,4158.14
2023-10-13,Tablet,North,3,979.32
2023-10-13,Phone,East,2,1074.55
2023-10-14,Smartwatch,West,1,148.06
2023-10-15,Headphones,South,2,146.58
2023-10-16,Phone,East,1,528.02
2023-10-16,Headphones,South,1,74.54
2023-10-16,Headphones,West,4,313.53
2023-10-17,Headphones,North,4,290.85
2023-10-18,Headphones,East,3,229.23
2023-10-18,Phone,West,2,1068.96
2023-10-19,Headphones,North,5,428.25
2023-10-19,Tablet,West,2,648.77
2023-10-20,Smartwatch,West,2,294.67
2023-10-21,Phone,West,3,1639.02
2023-10-21,Smartwatch,South,2,295.13
2023-10-21,Laptop,North,2,1753.46
2023-10-22,Tablet,East,2,562.94
2023-10-23,Tablet,East,1,326.82
2023-10-24,Smartwatch,North,1,139.54
2023-10-25,Phone,North,1,502.34
2023-10-25,Smartwatch,North,2,294.24
2023-10-25,Tablet,North,1,302.61
2023-10-26,Phone,North,2,933.15
2023-10-26,Phone,South,1,516.9
2023-10-27,Tablet,North,4,1094.95
2023-10-27,Headphones,East,2,175.3
2023-10-28,Laptop,West,5,3731.77
2023-10-28,Headphones,South,4,321.24
2023-10-28,Smartwatch,East,4,644.47
2023-10-29,Smartwatch,North,2,315.04
2023-10-29,Laptop,East,2,1460.87
2023-10-29,Tablet,West,4,1209.29
2023-10-30,Headphones,East,1,78.36
2023-10-30,Tablet,East,5,1639.34
2023-10-30,Headphones,South,4,338.74
2023-10-31,Smartwatch,West,1,146.88
2023-11-01,Phone,South,4,2078.36
2023-11-01,Headphones,South,3,233.43
2023-11-02,Phone,East,1,509.81
2023-11-02,Smartwatch,West,4,638.45
2023-11-02,Smartwatch,West,3,484.42
2023-11-03,Laptop,East,5,4387.29
2023-11-03,Smartwatch,South,5,723.45
2023-11-03,Headphones,South,2,157.68
2023-11-04,Tablet,North,1,275.58
2023-11-04,Headphones,North,4,344.98
2023-11-04,Smartwatch,East,5,725.53
2023-11-05,Headphones,South,2,147.54
2023-11-06,Tablet,South,4,1190.22
2023-11-07,Phone,South,3,1613.95
2023-11-08,Phone,West,5,2306.47
2023-11-08,Phone,South,1,473.99
2023-11-09,Laptop,East,2,1679.62
2023-11-09,Laptop,East,1,854.63
2023-11-10,Tablet,East,1,277.58
2023-11-10,Phone,South,3,1555.9
2023-11-10,Headphones,East,1,82.48
2023-11-11,Tablet,West,2,601.52
2023-11-12,Smartwatch,East,1,144.12
2023-11-12,Headphones,South,4,343.76
2023-11-13,Laptop,East,4,3305.59
2023-11-13,Phone,East,1,537.42
2023-11-13,Tablet,East,3,829.98
2023-11-14,Headphones,North,3,235.81
2023-11-14,Tablet,West,1,272.52
2023-11-15,Phone,South,1,479.22
2023-11-15,Tablet,East,2,623.92
2023-11-16,Laptop,East,4,3410.81
2023-11-17,Headphones,South,5,403.26
2023-11-17,Laptop,South,1,721.98
2023-11-17,Headphones,North,3,219.56
2023-11-18,Tablet,South,1,272.89
2023-11-19,Laptop,North,1,878.24
2023-11-19,Smartwatch,South,1,143.56
2023-11-20,Tablet,West,2,608.8
2023-11-20,Smartwatch,North,4,566.43
2023-11-20,Headphones,North,5,367.51
2023-11-21,Laptop,West,3,2558.06
2023-11-22,Smartwatch,East,4,649.28
2023-11-23,Laptop,East,2,1492.74
2023-11-23,Smartwatch,East,4,634.66
2023-11-24,Headphones,East,4,294.67
2023-11-24,Headphones,North,3,247.31
2023-11-24,Phone,West,2,994.58
2023-11-25,Laptop,West,1,720.47
2023-11-26,Headphones,South,2,173.04
2023-11-27,Headphones,South,1,79.21
2023-11-27,Smartwatch,North,3,422.65
2023-11-27,Tablet,West,5,1492.29
2023-11-28,Smartwatch,North,1,135.23
2023-11-29,Tablet,West,4,1148.38
2023-11-29,Smartwatch,North,1,141.56
2023-11-30,Tablet,South,1,293.82
2023-11-30,Smartwatch,North,1,159.55
2023-12-01,Tablet,East,1,271.78
2023-12-02,Tablet,East,5,1628.83
2023-12-02,Smartwatch,North,4,627.58
2023-12-02,Smartwatch,North,5,766.19
2023-12-03,Smartwatch,South,4,638.54
2023-12-04,Tablet,South,5,1598.88
2023-12-05,Headphones,South,2,147.66
2023-12-06,Laptop,East,4,3116.19
2023-12-06,Tablet,East,4,1211.9
2023-12-07,Laptop,West,2,1542.75
2023-12-08,Phone,East,5,2589.33
2023-12-09,Tablet,East,5,1353.04
2023-12-09,Phone,East,1,511.26
2023-12-10,Headphones,South,3,251.57
2023-12-10,Smartwatch,South,3,453.06
2023-12-10,Phone,North,1,492.2
2023-12-11,Tablet,North,5,1469.81
2023-12-11,Smartwatch,North,1,141.48
2023-12-11,Laptop,East,1,730.78
2023-12-12,Tablet,South,4,1241.51
2023-12-13,Laptop,North,2,1628.89
2023-12-13,Headphones,South,3,237.61
2023-12-13,Headphones,East,1,78.9
2023-12-14,Phone,East,1,452.74
2023-12-14,Headphones,North,2,149.34
2023-12-14,Smartwatch,East,4,545.37
2023-12-15,Laptop,East,4,3097.45
2023-12-16,Headphones,South,4,288.43
2023-12-16,Tablet,South,3,866.02
2023-12-17,Smartwatch,West,2,320.5
2023-12-17,Headphones,South,1,73.68
2023-12-18,Smartwatch,South,5,709.27
2023-12-19,Tablet,East,5,1465.26
2023-12-19,Tablet,South,3,879.84
2023-12-19,Phone,East,2,962.64
2023-12-20,Smartwatch,South,2,324.0
2023-12-21,Smartwatch,South,4,577.68
2023-12-22,Headphones,South,4,322.9
2023-12-22,Smartwatch,North,3,491.5
2023-12-22,Headphones,North,5,437.66
2023-12-23,Headphones,North,5,398.23
2023-12-23,Smartwatch,South,5,789.29
2023-12-24,Tablet,East,2,639.22
2023-12-24,Smartwatch,East,2,273.46
2023-12-24,Headphones,North,4,341.16
2023-12-25,Laptop,West,5,3955.23
2023-12-25,Phone,East,4,1960.71
2023-12-25,Laptop,East,4,3072.31
2023-12-26,Laptop,West,2,1587.66
2023-12-26,Smartwatch,West,4,642.31
2023-12-27,Headphones,South,3,222.35
2023-12-28,Smartwatch,South,3,436.81
2023-12-28,Headphones,South,5,419.67
2023-12-28,Headphones,North,1,82.89
2023-12-29,Phone,West,1,544.91
2023-12-30,Headphones,West,4,343.27
2023-12-30,Phone,West,3,1410.97
2023-12-31,Tablet,East,1,291.74
2023-12-31,Laptop,East,5,4384.59
2023-12-31,Phone,West,3,1530.64
2024-01-01,Headphones,East,5,398.12
2024-01-01,Laptop,West,4,2882.03
2024-01-01,Laptop,North,1,862.89
2024-01-02,Tablet,East,5,1503.13
2024-01-02,Smartwatch,East,2,298.61
2024-01-02,Smartwatch,South,3,483.48
2024-01-03,Phone,West,5,2429.36
2024-01-03,Phone,North,3,1413.21
2024-01-04,Tablet,East,2,621.22
2024-01-05,Tablet,North,4,1280.19
2024-01-06,Smartwatch,North,5,798.29
2024-01-07,Laptop,West,3,2454.53
2024-01-08,Laptop,South,4,3140.55
2024-01-08,Tablet,East,3,923.78
2024-01-08,Smartwatch,North,2,270.37
2024-01-09,Tablet,South,2,549.22
2024-01-09,Phone,South,4,2082.83
2024-01-09,Headphones,South,2,166.72
2024-01-10,Headphones,South,3,254.57
2024-01-10,Tablet,South,5,1524.98
2024-01-10,Laptop,North,1,755.08
2024-01-11,Smartwatch,East,5,737.42
2024-01-12,Laptop,East,2,1627.48
2024-01-13,Headphones,West,2,151.74
2024-01-13,Headphones,South,4,307.4
2024-01-14,Headphones,North,3,253.22
2024-01-14,Phone,West,2,926.77
2024-01-14,Phone,East,3,1431.46
2024-01-15,Laptop,East,1,801.78
2024-01-16,Phone,West,1,456.27
2024-01-16,Phone,West,1,484.04
2024-01-17,Smartwatch,West,3,479.4
2024-01-18,Tablet,North,3,965.98
2024-01-18,Headphones,West,2,172.54
2024-01-18,Smartwatch,East,1,146.32
2024-01-19,Smartwatch,North,2,272.54
2024-01-19,Smartwatch,North,4,615.93
2024-01-19,Phone,East,5,2606.52
2024-01-20,Smartwatch,North,4,555.55
2024-01-21,Laptop,South,1,736.86
2024-01-21,Tablet,East,4,1319.87
2024-01-21,Laptop,North,4,3434.12
2024-01-22,Phone,West,3,1460.94
2024-01-22,Headphones,East,1,74.98
2024-01-22,Smartwatch,North,4,642.04
2024-01-23,Laptop,South,3,2510.64
2024-01-24,Laptop,West,5,4203.22
2024-01-24,Smartwatch,South,1,139.1
2024-01-25,Headphones,South,3,231.15
2024-01-25,Headphones,West,5,414.58
2024-01-25,Laptop,West,5,3829.93
2024-01-26,Smartwatch,North,1,138.35
2024-01-26,Phone,North,4,1839.95
2024-01-26,Phone,South,5,2439.55
2024-01-27,Laptop,West,2,1450.05
2024-01-27,Tablet,East,1,324.36
2024-01-28,Tablet,North,4,1090.0
2024-01-29,Laptop,West,4,3051.04
2024-01-29,Laptop,West,4,3504.65
2024-01-30,Smartwatch,South,3,439.43
2024-01-30,Laptop,South,5,3812.47
2024-01-30,Smartwatch,North,1,157.17
2024-01-31,Headphones,North,4,288.09
2024-01-31,Tablet,North,4,1211.61
2024-01-31,Headphones,East,3,217.13
2024-02-01,Laptop,East,1,766.58
2024-02-01,Smartwatch,South,3,432.26
2024-02-01,Tablet,North,1,326.24
2024-02-02,Headphones,North,4,318.32
2024-02-02,Phone,West,2,1098.04
2024-02-03,Smartwatch,West,4,605.34
2024-02-03,Headphones,South,1,75.28
2024-02-03,Phone,West,2,1079.22
2024-02-04,Phone,East,5,2388.12
2024-02-05,Smartwatch,West,4,586.58
2024-02-06,Tablet,North,1,326.84
2024-02-06,Headphones,North,1,83.04
2024-02-06,Phone,North,2,901.57
2024-02-07,Tablet,West,1,327.48
2024-02-08,Phone,East,5,2724.54
2024-02-08,Smartwatch,South,2,302.81
2024-02-08,Smartwatch,East,3,419.92
2024-02-09,Headphones,North,3,248.37
2024-02-10,Tablet,North,2,642.45
2024-02-11,Laptop,West,4,3488.92
2024-02-11,Tablet,South,1,283.15
2024-02-12,Laptop,South,3,2244.53
2024-02-13,Phone,South,4,2131.76
2024-02-13,Smartwatch,East,5,816.56
2024-02-14,Tablet,North,2,656.05
2024-02-14,Smartwatch,South,4,569.68
2024-02-14,Laptop,East,1,746.03
2024-02-15,Smartwatch,South,4,541.45
2024-02-15,Phone,West,5,2438.49
2024-02-16,Tablet,North,2,578.6
2024-02-16,Phone,East,3,1426.15
2024-02-17,Laptop,North,3,2589.43
2024-02-17,Smartwatch,South,4,574.67
2024-02-17,Tablet,South,3,899.04
2024-02-18,Smartwatch,East,1,154.06
2024-02-19,Tablet,East,1,296.66
2024-02-20,Laptop,South,5,3800.8
2024-02-20,Headphones,North,3,235.95
2024-02-21,Phone,North,2,1075.47
2024-02-22,Phone,East,3,1575.53
2024-02-22,Smartwatch,South,1,140.26
2024-02-22,Phone,West,5,2362.45
2024-02-23,Tablet,West,3,886.95
2024-02-24,Tablet,East,5,1455.92
2024-02-24,Phone,West,5,2459.72
2024-02-25,Phone,West,2,940.94
2024-02-25,Smartwatch,West,1,143.87
2024-02-25,Headphones,South,1,77.83
2024-02-26,Tablet,North,1,294.56
2024-02-26,Tablet,West,5,1568.02
2024-02-27,Phone,West,3,1504.7
2024-02-28,Smartwatch,West,4,591.03
2024-02-29,Smartwatch,South,1,135.0
2024-03-01,Headphones,South,5,417.85
2024-03-02,Smartwatch,North,4,567.65
2024-03-02,Tablet,South,4,1312.04
2024-03-02,Tablet,East,4,1258.06
2024-03-03,Smartwatch,East,2,288.18
2024-03-04,Smartwatch,North,3,429.43
2024-03-04,Laptop,South,3,2639.78
2024-03-05,Smartwatch,South,5,697.44
2024-03-05,Tablet,East,2,625.12
2024-03-05,Tablet,South,1,286.13
2024-03-06,Laptop,North,4,3487.49
2024-03-06,Laptop,East,5,4048.07
2024-03-07,Laptop,East,1,747.53
2024-03-08,Laptop,East,2,1663.11
2024-03-09,Tablet,South,1,277.32
2024-03-09,Phone,East,5,2680.85
2024-03-09,Laptop,South,3,2184.91
2024-03-10,Smartwatch,South,4,657.42
2024-03-11,Laptop,East,1,836.33
2024-03-11,Smartwatch,East,1,144.36
2024-03-11,Phone,East,4,2114.48
2024-03-12,Laptop,East,3,2562.72
2024-03-12,Phone,North,2,987.53
2024-03-13,Smartwatch,East,1,151.03
2024-03-13,Tablet,North,1,288.53
2024-03-13,Smartwatch,West,3,490.72
2024-03-14,Tablet,South,1,279.44
2024-03-14,Headphones,West,2,171.89
2024-03-14,Tablet,North,5,1371.27
2024-03-15,Tablet,South,3,923.04
2024-03-15,Headphones,West,4,299.96
2024-03-16,Smartwatch,East,5,727.94
2024-03-16,Laptop,South,1,788.89
2024-03-17,Smartwatch,South,3,437.03
2024-03-17,Phone,West,1,518.54
2024-03-18,Tablet,South,4,1315.69
2024-03-19,Tablet,West,5,1380.41
2024-03-19,Smartwatch,West,2,326.48
2024-03-20,Laptop,West,2,1584.04
2024-03-21,Laptop,South,2,1476.26
2024-03-21,Laptop,North,2,1665.46
2024-03-22,Laptop,East,1,783.62
2024-03-23,Tablet,South,2,597.96
2024-03-23,Phone,West,2,1037.96
2024-03-23,Phone,East,3,1372.68
2024-03-24,Headphones,East,1,73.47
2024-03-24,Headphones,East,4,293.89
2024-03-25,Smartwatch,South,3,438.59
2024-03-25,Tablet,South,1,312.4
2024-03-26,Laptop,East,4,3039.7
2024-03-26,Phone,North,4,2178.69
2024-03-27,Laptop,South,5,4355.79
2024-03-27,Tablet,West,5,1410.79
2024-03-28,Headphones,South,1,72.81
2024-03-28,Laptop,North,5,4066.34
2024-03-29,Laptop,West,3,2619.64
2024-03-30,Smartwatch,South,2,314.36
2024-03-31,Laptop,South,2,1677.7
2024-03-31,Phone,East,4,2099.35
2024-04-01,Laptop,West,4,3158.02
2024-04-01,Laptop,East,2,1758.8
2024-04-01,Headphones,North,3,246.61
2024-04-02,Phone,West,5,2295.7
2024-04-02,Laptop,North,4,2888.8
2024-04-03,Laptop,North,5,3661.72
2024-04-03,Phone,West,3,1487.68
2024-04-03,Tablet,South,2,611.65
2024-04-04,Phone,South,3,1498.05
2024-04-04,Smartwatch,West,3,460.51
2024-04-05,Tablet,South,3,948.73
2024-04-06,Laptop,North,3,2418.4
2024-04-07,Headphones,West,1,86.33
2024-04-08,Phone,West,3,1486.3
2024-04-09,Phone,East,3,1561.64
2024-04-10,Headphones,South,4,297.24
2024-04-10,Headphones,South,2,160.0
2024-04-11,Phone,North,5,2400.52
2024-04-11,Smartwatch,East,4,565.2
2024-04-11,Laptop,East,3,2356.64
2024-04-12,Laptop,North,5,3728.37
2024-04-12,Smartwatch,North,2,326.55
2024-04-13,Tablet,North,4,1187.09
2024-04-13,Headphones,North,1,76.96
2024-04-14,Phone,East,1,485.69
2024-04-14,Phone,West,1,532.81
2024-04-14,Smartwatch,West,2,292.41
2024-04-15,Laptop,North,5,4322.85
2024-04-15,Tablet,North,3,872.8
2024-04-16,Smartwatch,South,1,145.34
2024-04-17,Laptop,East,1,745.66
2024-04-17,Smartwatch,East,5,783.29
2024-04-17,Headphones,East,5,373.22
2024-04-18,Phone,North,4,2005.97
2024-04-19,Laptop,South,1,786.27
2024-04-19,Phone,East,2,970.85
2024-04-20,Headphones,South,1,75.39
2024-04-20,Tablet,South,3,870.42
2024-04-20,Headphones,West,3,242.73
2024-04-21,Laptop,South,1,806.54
2024-04-21,Phone,West,2,934.34
2024-04-21,Phone,South,3,1514.01
2024-04-22,Phone,North,5,2598.31
2024-04-23,Smartwatch,North,2,300.74
2024-04-24,Smartwatch,South,1,155.37
2024-04-25,Laptop,East,5,4221.19
2024-04-25,Laptop,East,1,827.72
2024-04-26,Smartwatch,North,3,466.98
2024-04-26,Headphones,West,1,83.7
2024-04-26,Laptop,West,1,794.41
2024-04-27,Laptop,East,4,3093.52
2024-04-27,Laptop,East,5,3746.75
2024-04-28,Laptop,North,3,2166.42
2024-04-28,Laptop,West,2,1728.57
2024-04-29,Headphones,East,1,83.89
2024-04-29,Headphones,West,1,87.71
2024-04-30,Phone,North,5,2744.61
2024-04-30,Headphones,West,5,404.72
2024-05-01,Tablet,East,3,873.09
2024-05-02,Headphones,East,4,334.26
2024-05-02,Phone,East,3,1628.79
2024-05-02,Tablet,South,1,292.39
2024-05-03,Headphones,South,5,368.29
2024-05-03,Laptop,West,1,813.39
2024-05-03,Smartwatch,West,5,727.53
2024-05-04,Headphones,North,3,248.22
2024-05-04,Headphones,North,3,224.15
2024-05-05,Headphones,South,5,372.69
2024-05-06,Tablet,North,2,646.7
2024-05-06,Smartwatch,North,2,288.41
2024-05-06,Smartwatch,North,3,429.38
2024-05-07,Laptop,West,5,3771.93
2024-05-07,Headphones,South,4,335.73
2024-05-07,Laptop,South,2,1482.77
2024-05-08,Phone,East,2,1091.7
2024-05-08,Laptop,West,1,762.25
2024-05-08,Tablet,South,5,1447.35
2024-05-09,Headphones,North,2,152.91
2024-05-10,Headphones,East,2,165.18
2024-05-10,Headphones,West,4,337.51
2024-05-10,Headphones,West,1,78.92
2024-05-11,Smartwatch,East,5,806.88
2024-05-12,Smartwatch,West,2,317.03
2024-05-12,Laptop,West,3,2406.82
2024-05-12,Smartwatch,East,5,798.81
2024-05-13,Tablet,North,5,1370.18
2024-05-13,Tablet,West,4,1158.39
2024-05-14,Tablet,West,5,1607.41
2024-05-14,Smartwatch,East,3,456.4
2024-05-14,Smartwatch,North,1,163.83
2024-05-15,Tablet,North,3,883.08
2024-05-15,Headphones,West,5,378.56
2024-05-15,Phone,North,4,1815.58
2024-05-16,Tablet,South,3,978.91
2024-05-16,Smartwatch,North,5,763.04
2024-05-16,Laptop,West,5,4110.66
2024-05-17,Tablet,South,2,556.61
2024-05-17,Laptop,West,3,2576.84
2024-05-17,Tablet,South,2,581.03
2024-05-18,Tablet,North,3,889.75
2024-05-19,Headphones,South,1,79.38
2024-05-19,Laptop,South,3,2615.62
2024-05-20,Phone,East,2,922.01
2024-05-21,Smartwatch,West,5,683.16
2024-05-21,Tablet,East,1,308.92
2024-05-21,Phone,South,3,1574.34
2024-05-22,Headphones,North,4,290.71
2024-05-22,Phone,East,1,533.74
2024-05-22,Phone,West,2,1055.82
2024-05-23,Tablet,East,4,1189.17
2024-05-23,Headphones,South,3,246.67
2024-05-23,Phone,South,5,2326.85
2024-05-24,Laptop,South,2,1734.82
2024-05-25,Tablet,West,4,1165.18
2024-05-25,Headphones,West,5,393.87
2024-05-26,Laptop,West,4,3443.82
2024-05-26,Tablet,East,5,1642.86
2024-05-27,Smartwatch,East,1,164.92
2024-05-27,Headphones,North,2,166.12
2024-05-27,Laptop,West,5,3649.92
2024-05-28,Smartwatch,East,4,638.04
2024-05-28,Phone,South,5,2292.55
2024-05-28,Tablet,South,2,589.95
2024-05-29,Phone,East,4,1822.09
2024-05-29,Phone,West,4,1975.38
2024-05-30,Smartwatch,South,1,164.03
2024-05-30,Headphones,West,3,231.66
2024-05-30,Smartwatch,South,4,639.19
2024-05-31,Headphones,North,5,365.01
2024-06-01,Phone,South,4,1858.77
2024-06-02,Phone,East,3,1519.02
2024-06-02,Smartwatch,West,2,300.33
2024-06-03,Tablet,West,4,1197.08
2024-06-03,Laptop,North,2,1703.16
2024-06-04,Smartwatch,West,2,297.51
2024-06-04,Smartwatch,North,2,310.03
2024-06-05,Phone,East,5,2744.73
2024-06-06,Headphones,South,3,241.09
2024-06-07,Laptop,East,4,3189.24
2024-06-08,Headphones,East,1,85.76
2024-06-08,Phone,West,4,1966.46
2024-06-08,Smartwatch,North,1,159.54
2024-06-09,Tablet,North,1,300.77
2024-06-09,Headphones,West,1,83.87
2024-06-10,Headphones,North,3,226.5
2024-06-10,Smartwatch,South,2,324.19
2024-06-10,Smartwatch,South,1,158.57
2024-06-11,Phone,East,3,1451.24
2024-06-11,Tablet,East,5,1588.78
2024-06-11,Headphones,North,1,76.04
2024-06-12,Phone,West,4,1800.26
2024-06-13,Phone,South,1,512.73
2024-06-13,Smartwatch,North,4,595.0
2024-06-13,Smartwatch,North,2,284.23
2024-06-14,Smartwatch,East,3,426.43
2024-06-14,Tablet,North,5,1489.89
2024-06-14,Laptop,North,2,1683.34
2024-06-15,Laptop,South,5,4215.56
2024-06-15,Smartwatch,South,2,280.24
2024-06-15,Smartwatch,South,5,681.82
2024-06-16,Tablet,West,1,298.1
2024-06-17,Smartwatch,East,4,573.42
2024-06-17,Laptop,West,1,854.27
2024-06-17,Laptop,West,3,2521.79
2024-06-18,Headphones,North,5,368.93
2024-06-19,Tablet,South,4,1171.14
2024-06-20,Tablet,East,3,927.27
2024-06-20,Laptop,West,2,1656.77
2024-06-21,Phone,South,5,2624.71
2024-06-22,Laptop,North,3,2360.92
2024-06-22,Laptop,North,3,2301.01
2024-06-22,Tablet,East,4,1223.35
2024-06-23,Tablet,West,4,1283.55
2024-06-23,Smartwatch,East,4,628.69
2024-06-24,Laptop,East,4,3496.55
2024-06-24,Headphones,South,1,83.3
2024-06-25,Headphones,South,3,230.97
2024-06-25,Tablet,South,3,962.92
2024-06-25,Phone,South,1,543.55
2024-06-26,Headphones,South,4,298.55
2024-06-26,Headphones,East,5,395.74
2024-06-27,Tablet,South,2,648.57
2024-06-27,Headphones,West,2,149.67
2024-06-28,Tablet,South,3,820.01
2024-06-29,Tablet,West,1,309.81
2024-06-29,Phone,East,2,1071.23
2024-06-29,Phone,West,4,2163.67
2024-06-30,Laptop,South,1,836.75
2024-06-30,Tablet,South,5,1478.99
2024-06-30,Laptop,West,5,4187.94
2024-07-01,Headphones,South,5,399.43
2024-07-02,Headphones,East,1,74.63
2024-07-02,Laptop,South,5,3884.11
2024-07-03,Headphones,East,4,325.21
2024-07-03,Smartwatch,West,3,455.99
2024-07-03,Tablet,West,2,607.27
2024-07-04,Tablet,North,5,1379.62
2024-07-05,Smartwatch,West,3,493.25
2024-07-06,Smartwatch,North,3,458.54
2024-07-07,Headphones,East,3,241.55
2024-07-08,Phone,North,3,1574.45
2024-07-08,Smartwatch,North,4,658.03
2024-07-08,Laptop,East,2,1577.99
2024-07-09,Phone,East,4,1810.9
2024-07-09,Laptop,East,5,4091.18
2024-07-09,Laptop,North,2,1554.95
2024-07-10,Laptop,South,3,2328.39
2024-07-11,Laptop,North,2,1489.93
2024-07-11,Laptop,West,5,4272.73
2024-07-12,Smartwatch,East,5,732.69
2024-07-12,Laptop,East,5,3763.4
2024-07-13,Smartwatch,South,2,311.03
2024-07-13,Laptop,South,2,1739.87
2024-07-14,Headphones,South,3,247.51
2024-07-14,Phone,West,1,542.81
2024-07-15,Smartwatch,East,4,553.96
2024-07-15,Tablet,East,3,817.93
2024-07-16,Laptop,East,3,2271.11
2024-07-16,Tablet,West,2,640.04
2024-07-16,Smartwatch,North,1,161.98
2024-07-17,Laptop,East,4,3144.43
2024-07-17,Phone,West,5,2285.05
2024-07-18,Headphones,West,3,217.4
2024-07-18,Headphones,North,2,149.38
2024-07-18,Smartwatch,South,3,425.82
2024-07-19,Tablet,East,1,288.78
2024-07-19,Phone,West,4,2166.57
2024-07-19,Phone,North,1,478.57
2024-07-20,Phone,South,2,908.61
2024-07-20,Smartwatch,North,4,593.27
2024-07-21,Smartwatch,East,5,676.21
2024-07-21,Phone,North,4,1951.62
2024-07-22,Phone,South,2,1002.82
2024-07-22,Smartwatch,South,4,565.82
2024-07-22,Tablet,East,3,959.13
2024-07-23,Laptop,West,4,3087.58
2024-07-23,Laptop,North,3,2325.99
2024-07-23,Tablet,South,1,294.01
2024-07-24,Tablet,North,3,950.43
2024-07-24,Laptop,West,4,3302.08
2024-07-24,Laptop,South,1,768.72
2024-07-25,Phone,East,5,2361.34
2024-07-26,Headphones,West,1,74.56
2024-07-26,Smartwatch,West,1,158.92
2024-07-26,Phone,North,2,968.11
2024-07-27,Laptop,North,3,2449.18
2024-07-27,Phone,South,3,1420.5
2024-07-27,Smartwatch,North,5,720.69
2024-07-28,Phone,West,1,491.96
2024-07-29,Tablet,East,1,270.58
2024-07-29,Tablet,North,3,914.99
2024-07-30,Laptop,West,3,2307.09
2024-07-30,Phone,West,4,1959.07
2024-07-31,Phone,South,3,1510.61
2024-07-31,Headphones,West,5,426.59
2024-07-31,Laptop,East,5,3854.04
2024-08-01,Smartwatch,South,4,594.01
2024-08-02,Headphones,North,2,165.21
2024-08-03,Smartwatch,North,3,448.6
2024-08-04,Headphones,East,5,405.76
2024-08-04,Smartwatch,East,4,605.69
2024-08-04,Laptop,South,4,3140.94
2024-08-05,Smartwatch,South,4,610.18
2024-08-05,Tablet,East,2,563.21
2024-08-06,Smartwatch,West,4,647.48
2024-08-06,Headphones,North,3,235.74
2024-08-07,Headphones,East,1,74.26
2024-08-07,Headphones,South,2,145.45
2024-08-08,Tablet,North,2,544.19
2024-08-08,Headphones,South,5,439.41
2024-08-08,Phone,East,4,2190.91
2024-08-09,Tablet,North,5,1609.83
2024-08-09,Tablet,East,5,1580.4
2024-08-10,Headphones,South,2,163.8
2024-08-10,Laptop,West,5,3943.7
2024-08-10,Laptop,East,5,4223.61
2024-08-11,Phone,West,1,538.99
2024-08-11,Headphones,West,1,82.43
2024-08-12,Phone,East,2,1020.49
2024-08-13,Phone,East,2,1034.77
2024-08-13,Smartwatch,East,4,558.21
2024-08-13,Tablet,North,2,631.9
2024-08-14,Headphones,South,4,305.66
2024-08-14,Laptop,West,5,3971.25
2024-08-15,Laptop,North,1,824.36
2024-08-15,Smartwatch,South,5,765.9
2024-08-16,Tablet,East,1,329.81
2024-08-16,Phone,North,2,982.27
2024-08-17,Headphones,South,1,81.96
2024-08-18,Phone,West,4,1993.09
2024-08-19,Laptop,East,4,3343.52
2024-08-19,Tablet,South,1,327.92
2024-08-20,Headphones,North,4,298.62
2024-08-21,Smartwatch,South,5,765.14
2024-08-21,Phone,West,2,981.32
2024-08-21,Headphones,North,4,334.52
2024-08-22,Smartwatch,West,1,144.24
2024-08-22,Smartwatch,West,4,653.51
2024-08-22,Tablet,East,5,1431.59
2024-08-23,Smartwatch,West,5,770.06
2024-08-23,Headphones,West,1,82.64
2024-08-23,Smartwatch,East,4,650.91
2024-08-24,Headphones,South,5,368.27
2024-08-24,Headphones,East,3,230.34
2024-08-25,Laptop,North,3,2331.17
2024-08-25,Tablet,South,5,1637.29
2024-08-25,Tablet,North,1,303.19
2024-08-26,Laptop,East,2,1634.28
2024-08-26,Headphones,East,1,78.24
2024-08-26,Laptop,West,4,2941.85
2024-08-27,Tablet,North,2,547.9
2024-08-27,Headphones,South,3,255.0
2024-08-27,Phone,North,1,490.27
2024-08-28,Headphones,South,5,415.57
2024-08-29,Tablet,West,3,929.99
2024-08-30,Headphones,North,4,315.26
2024-08-31,Tablet,North,3,843.6
2024-08-31,Headphones,North,4,316.35
2024-08-31,Smartwatch,North,3,422.66
2024-09-01,Phone,West,3,1493.55
2024-09-01,Tablet,North,4,1265.16
2024-09-02,Tablet,West,3,924.8
2024-09-02,Tablet,East,2,599.78
2024-09-02,Headphones,South,1,81.82
2024-09-03,Tablet,West,3,834.42
2024-09-04,Tablet,East,5,1648.97
2024-09-04,Headphones,South,4,310.95
2024-09-04,Smartwatch,North,5,722.37
2024-09-05,Smartwatch,North,5,780.32
2024-09-06,Headphones,South,4,313.34
2024-09-07,Phone,East,4,2173.89
2024-09-08,Smartwatch,East,2,305.07
2024-09-08,Laptop,South,1,729.93
2024-09-08,Tablet,North,4,1119.85
2024-09-09,Headphones,North,3,237.68
2024-09-09,Headphones,North,5,369.21
2024-09-09,Laptop,East,2,1636.47
2024-09-10,Headphones,South,1,87.05
2024-09-11,Laptop,South,1,744.23
2024-09-11,Phone,North,5,2305.6
2024-09-12,Headphones,North,1,74.6
2024-09-12,Headphones,South,4,335.0
2024-09-12,Tablet,South,2,565.79
2024-09-13,Phone,North,5,2538.49
2024-09-13,Smartwatch,West,3,431.59
2024-09-13,Headphones,East,3,243.16
2024-09-14,Laptop,South,4,3069.65
2024-09-14,Tablet,East,3,887.9
2024-09-15,Laptop,East,2,1590.37
2024-09-16,Headphones,South,3,253.99
2024-09-17,Headphones,South,2,152.87
2024-09-17,Smartwatch,North,2,329.26
2024-09-18,Smartwatch,South,4,544.83
2024-09-18,Tablet,North,2,609.68
2024-09-19,Laptop,South,1,743.86
2024-09-20,Tablet,East,1,322.43
2024-09-20,Headphones,East,5,382.43
2024-09-21,Smartwatch,East,2,308.64
2024-09-21,Smartwatch,West,2,305.97
2024-09-22,Phone,West,5,2702.77
2024-09-22,Headphones,East,2,158.12
2024-09-22,Tablet,South,4,1164.74
2024-09-23,Phone,West,2,1056.88
2024-09-24,Smartwatch,East,3,491.22
2024-09-25,Headphones,West,4,288.92
2024-09-25,Laptop,North,2,1499.15
2024-09-26,Smartwatch,South,5,753.51
2024-09-27,Tablet,East,2,549.61
2024-09-27,Smartwatch,East,3,421.6
2024-09-28,Tablet,South,4,1175.47
2024-09-29,Smartwatch,East,3,439.45
2024-09-30,Phone,West,4,1802.93
2024-09-30,Tablet,North,5,1648.37
2024-09-30,Laptop,West,5,3690.83
2024-10-01,Phone,North,1,514.56
2024-10-01,Laptop,South,3,2442.82
2024-10-01,Laptop,North,2,1494.36
2024-10-02,Headphones,South,1,74.66
2024-10-03,Tablet,South,5,1634.69
2024-10-03,Phone,South,5,2295.57
2024-10-03,Headphones,South,3,216.2
2024-10-04,Headphones,East,3,252.77
2024-10-05,Headphones,West,1,72.36
2024-10-06,Phone,West,3,1640.34
2024-10-07,Smartwatch,North,5,689.54
2024-10-07,Phone,East,2,1035.51
2024-10-08,Smartwatch,South,4,548.73
2024-10-08,Phone,East,1,514.75
2024-10-08,Tablet,East,5,1556.19
2024-10-09,Smartwatch,West,1,153.92
2024-10-09,Tablet,East,3,870.15
2024-10-10,Headphones,West,4,325.02
2024-10-10,Tablet,West,3,822.24
2024-10-10,Laptop,North,2,1724.84
2024-10-11,Tablet,West,5,1535.58
2024-10-11,Headphones,South,4,331.23
2024-10-11,Headphones,North,4,334.73
2024-10-12,Smartwatch,South,5,823.73
2024-10-12,Laptop,South,3,2481.23
2024-10-13,Tablet,East,5,1528.13
2024-10-13,Laptop,North,1,751.81
2024-10-13,Tablet,North,4,1130.43
2024-10-14,Tablet,South,2,545.2
2024-10-14,Tablet,South,3,935.09
2024-10-14,Smartwatch,North,5,785.25
2024-10-15,Smartwatch,North,4,571.36
2024-10-16,Headphones,North,4,320.88
2024-10-17,Phone,South,1,499.62
2024-10-18,Smartwatch,South,5,722.8
2024-10-19,Tablet,East,5,1491.49
2024-10-19,Tablet,South,1,291.7
2024-10-20,Tablet,South,1,281.78
2024-10-21,Laptop,West,3,2442.28
2024-10-22,Smartwatch,East,3,460.05
2024-10-22,Tablet,North,1,289.65
2024-10-23,Phone,West,4,2116.28
2024-10-24,Phone,North,5,2547.02
2024-10-24,Smartwatch,South,1,137.45
2024-10-25,Phone,South,1,471.4
2024-10-25,Headphones,West,4,311.06
2024-10-25,Headphones,East,1,76.94
2024-10-26,Headphones,North,3,242.76
2024-10-26,Smartwatch,East,5,759.69
2024-10-27,Phone,North,5,2259.47
2024-10-27,Smartwatch,South,5,718.08
2024-10-28,Laptop,South,5,3600.74
2024-10-28,Smartwatch,North,2,321.55
2024-10-28,Smartwatch,West,5,710.86
2024-10-29,Headphones,East,2,165.78
2024-10-30,Smartwatch,East,5,720.51
2024-10-30,Tablet,North,1,279.11
2024-10-30,Headphones,West,1,74.92
2024-10-31,Smartwatch,South,4,564.82
2024-11-01,Tablet,South,3,886.94
2024-11-01,Headphones,West,5,378.58
2024-11-02,Headphones,East,1,77.92
2024-11-02,Laptop,West,3,2566.14
2024-11-02,Laptop,East,4,3121.07
2024-11-03,Laptop,North,3,2279.3
2024-11-03,Headphones,West,4,319.08
2024-11-03,Laptop,East,5,4286.96
2024-11-04,Phone,South,4,1858.68
2024-11-04,Phone,East,5,2414.08
2024-11-04,Laptop,South,3,2405.07
2024-11-05,Phone,West,3,1403.14
2024-11-05,Smartwatch,South,3,490.71
2024-11-05,Smartwatch,South,3,478.08
2024-11-06,Tablet,East,1,329.19
2024-11-06,Smartwatch,East,4,615.0
2024-11-07,Smartwatch,West,3,491.35
2024-11-07,Headphones,East,1,85.13
2024-11-07,Phone,North,1,468.92
2024-11-08,Laptop,East,1,793.74
2024-11-09,Tablet,West,3,960.99
2024-11-10,Smartwatch,North,1,144.13
2024-11-10,Headphones,East,2,157.05
2024-11-10,Phone,East,3,1553.75
2024-11-11,Tablet,South,5,1439.48
2024-11-11,Smartwatch,West,4,605.31
2024-11-11,Laptop,South,4,3217.64
2024-11-12,Phone,South,5,2266.63
2024-11-13,Laptop,South,3,2279.99
2024-11-14,Smartwatch,South,1,152.86
2024-11-15,Headphones,North,5,422.81
2024-11-16,Smartwatch,West,2,308.92
2024-11-16,Laptop,East,1,764.3
2024-11-16,Phone,West,5,2580.4
2024-11-17,Laptop,East,1,789.64
2024-11-17,Headphones,West,3,218.63
2024-11-18,Smartwatch,South,1,138.16
2024-11-19,Headphones,South,2,149.37
2024-11-19,Tablet,South,1,313.44
2024-11-19,Laptop,East,1,832.89
2024-11-20,Phone,East,3,1573.21
2024-11-21,Headphones,South,1,83.99
2024-11-22,Phone,East,2,937.98
2024-11-22,Laptop,North,2,1584.7
2024-11-23,Smartwatch,East,5,751.33
2024-11-24,Phone,East,3,1359.52
2024-11-24,Phone,South,4,2195.54
2024-11-24,Phone,South,2,1007.68
2024-11-25,Laptop,West,2,1471.16
2024-11-25,Smartwatch,South,1,135.21
2024-11-26,Tablet,West,3,813.29
2024-11-26,Headphones,West,3,216.03
2024-11-27,Laptop,North,3,2365.51
2024-11-28,Headphones,East,5,430.07
2024-11-29,Smartwatch,East,1,151.11
2024-11-29,Laptop,East,2,1535.25
2024-11-30,Laptop,East,3,2464.76
2024-12-01,Laptop,West,2,1731.02
2024-12-01,Smartwatch,North,4,643.76
2024-12-01,Smartwatch,North,3,447.89
2024-12-02,Smartwatch,West,4,592.81
2024-12-03,Phone,West,4,2107.78
2024-12-03,Phone,West,3,1354.31
2024-12-04,Headphones,North,4,306.49
2024-12-04,Smartwatch,West,3,468.08
2024-12-04,Phone,North,1,500.33
2024-12-05,Laptop,West,1,744.92
2024-12-05,Smartwatch,South,3,438.96
2024-12-06,Laptop,East,2,1507.17
2024-12-07,Headphones,East,2,167.51
2024-12-07,Headphones,North,3,261.49
2024-12-07,Smartwatch,South,2,276.52
2024-12-08,Smartwatch,South,3,461.49
2024-12-08,Smartwatch,South,1,163.14
2024-12-08,Tablet,South,2,650.89
2024-12-09,Laptop,North,4,3286.81
2024-12-10,Phone,East,2,1019.29
2024-12-10,Headphones,North,4,296.47
2024-12-10,Phone,East,2,1012.88
2024-12-11,Tablet,West,1,281.59
2024-12-12,Phone,South,2,975.64
2024-12-12,Phone,East,5,2421.46
2024-12-12,Headphones,South,2,154.12
2024-12-13,Laptop,North,3,2201.79
2024-12-13,Laptop,North,1,734.36
2024-12-14,Laptop,South,1,759.29
2024-12-15,Headphones,North,1,74.59
2024-12-16,Phone,East,5,2523.34
2024-12-16,Smartwatch,West,2,302.07
2024-12-17,Phone,West,4,2166.6
2024-12-17,Phone,North,1,539.02
2024-12-18,Headphones,South,3,251.42
2024-12-19,Tablet,West,1,288.84
2024-12-19,Tablet,East,4,1134.47
2024-12-19,Tablet,South,4,1196.97
2024-12-20,Phone,South,4,2049.7
2024-12-20,Smartwatch,East,2,325.03
2024-12-21,Laptop,West,1,788.94
2024-12-21,Tablet,East,1,320.91
2024-12-21,Tablet,West,4,1269.91
2024-12-22,Headphones,West,5,419.59
2024-12-22,Laptop,North,1,784.3
2024-12-23,Smartwatch,East,4,614.3
2024-12-23,Headphones,West,1,75.51
2024-12-24,Phone,South,1,524.86
2024-12-24,Smartwatch,West,3,492.05
2024-12-25,Phone,East,2,985.42
2024-12-26,Laptop,West,2,1608.02
2024-12-26,Smartwatch,South,2,310.0
2024-12-27,Headphones,West,4,291.44
2024-12-28,Laptop,East,5,4130.65
2024-12-28,Headphones,South,4,342.85
2024-12-29,Tablet,East,4,1248.21
2024-12-29,Headphones,South,3,232.4
2024-12-30,Smartwatch,West,4,554.33
2024-12-31,Smartwatch,East,3,435.6
2024-12-31,Tablet,North,3,825.17
2024-12-31,Tablet,North,3,859.34
